{"mean":{"confidence_interval":{"confidence_level":0.96,"lower_bound":7227.275270845935,"upper_bound":7555.6203664883315},"point_estimate":7390.928724151028,"standard_error":80.15668604417512},"median":{"confidence_interval":{"confidence_level":0.96,"lower_bound":6831.419457735247,"upper_bound":7689.260187505802},"point_estimate":7589.556421587671,"standard_error":282.42520847272857},"median_abs_dev":{"confidence_interval":{"confidence_level":0.96,"lower_bound":1200.7668587144142,"upper_bound":1806.476581439427},"point_estimate":1425.1594642728667,"standard_error":112.18923669265536},"slope":{"confidence_interval":{"confidence_level":0.96,"lower_bound":7176.568995543192,"upper_bound":7608.323117619325},"point_estimate":7393.6066065049945,"standard_error":104.9771011453028},"std_dev":{"confidence_interval":{"confidence_level":0.96,"lower_bound":1061.010065321455,"upper_bound":1200.1477527437028},"point_estimate":1134.8643348722283,"standard_error":33.87864680040608}}