{"mean":{"confidence_interval":{"confidence_level":0.96,"lower_bound":13.76873174851464,"upper_bound":14.222614810656957},"point_estimate":13.9701504614804,"standard_error":0.11132396395834035},"median":{"confidence_interval":{"confidence_level":0.96,"lower_bound":13.62379379102566,"upper_bound":13.699310527491772},"point_estimate":13.665095608863318,"standard_error":0.017421847380348007},"median_abs_dev":{"confidence_interval":{"confidence_level":0.96,"lower_bound":0.17159604262036957,"upper_bound":0.29532669634949454},"point_estimate":0.22698375006456317,"standard_error":0.029883371901945822},"slope":{"confidence_interval":{"confidence_level":0.96,"lower_bound":13.706000715081617,"upper_bound":14.147872255126241},"point_estimate":13.901631476294186,"standard_error":0.10816870721623258},"std_dev":{"confidence_interval":{"confidence_level":0.96,"lower_bound":0.7966000318795269,"upper_bound":2.356599741160226},"point_estimate":1.578306622497091,"standard_error":0.3976534139962037}}