{"mean":{"confidence_interval":{"confidence_level":0.96,"lower_bound":20.434905050505584,"upper_bound":20.920508381639003},"point_estimate":20.67152461611654,"standard_error":0.11879106248936169},"median":{"confidence_interval":{"confidence_level":0.96,"lower_bound":19.880310324441066,"upper_bound":20.070064635163995},"point_estimate":19.931685876652757,"standard_error":0.0449347195461173},"median_abs_dev":{"confidence_interval":{"confidence_level":0.96,"lower_bound":0.5656118461612699,"upper_bound":1.0775311033908226},"point_estimate":0.7744211915938752,"standard_error":0.12939746222696588},"slope":{"confidence_interval":{"confidence_level":0.96,"lower_bound":20.71650466133928,"upper_bound":21.397193063143877},"point_estimate":21.050455006335973,"standard_error":0.16587392112436294},"std_dev":{"confidence_interval":{"confidence_level":0.96,"lower_bound":1.4424382389398456,"upper_bound":1.9046182999131127},"point_estimate":1.6818156986832486,"standard_error":0.11280827994739383}}