{"mean":{"confidence_interval":{"confidence_level":0.96,"lower_bound":5.536190248743191,"upper_bound":5.644917420967995},"point_estimate":5.590321400002575,"standard_error":0.026423438459505982},"median":{"confidence_interval":{"confidence_level":0.96,"lower_bound":5.282888888888889,"upper_bound":5.777895316804408},"point_estimate":5.412931047036552,"standard_error":0.18750133465969146},"median_abs_dev":{"confidence_interval":{"confidence_level":0.96,"lower_bound":0.17171254017977058,"upper_bound":0.6357344180142351},"point_estimate":0.43179905391680273,"standard_error":0.14933917023841983},"slope":{"confidence_interval":{"confidence_level":0.96,"lower_bound":5.518282780734096,"upper_bound":5.653624622545594},"point_estimate":5.585669005595464,"standard_error":0.03308164464375987},"std_dev":{"confidence_interval":{"confidence_level":0.96,"lower_bound":0.3576146886159729,"upper_bound":0.39099389225575754},"point_estimate":0.37566190997353077,"standard_error":0.008139075593333548}}