{"mean":{"confidence_interval":{"confidence_level":0.96,"lower_bound":5.362996055505042,"upper_bound":5.488384200147044},"point_estimate":5.419836104946026,"standard_error":0.030734944554751627},"median":{"confidence_interval":{"confidence_level":0.96,"lower_bound":5.308746547284072,"upper_bound":5.393696102100958},"point_estimate":5.3375344148496335,"standard_error":0.020132688495373235},"median_abs_dev":{"confidence_interval":{"confidence_level":0.96,"lower_bound":0.1875493362829617,"upper_bound":0.262020184467615},"point_estimate":0.22398934320269723,"standard_error":0.018021794545490796},"slope":{"confidence_interval":{"confidence_level":0.96,"lower_bound":5.322741113695197,"upper_bound":5.437874167470128},"point_estimate":5.375200812327853,"standard_error":0.028020450084852395},"std_dev":{"confidence_interval":{"confidence_level":0.96,"lower_bound":0.2581276966571139,"upper_bound":0.6264522321373015},"point_estimate":0.43537263634877504,"standard_error":0.09500958434239556}}