{"mean":{"confidence_interval":{"confidence_level":0.96,"lower_bound":5.702781161089783,"upper_bound":5.855572377358735},"point_estimate":5.772631979690151,"standard_error":0.03738532994839753},"median":{"confidence_interval":{"confidence_level":0.96,"lower_bound":5.63708430007734,"upper_bound":5.652740296850712},"point_estimate":5.644377926239047,"standard_error":0.0035441079538249634},"median_abs_dev":{"confidence_interval":{"confidence_level":0.96,"lower_bound":0.05170761831550312,"upper_bound":0.08456418058228292},"point_estimate":0.06536020887949874,"standard_error":0.008298154849559515},"slope":{"confidence_interval":{"confidence_level":0.96,"lower_bound":5.658832830248655,"upper_bound":5.763123297428644},"point_estimate":5.7048618044354775,"standard_error":0.025567827770680875},"std_dev":{"confidence_interval":{"confidence_level":0.96,"lower_bound":0.325526132091528,"upper_bound":0.7157883873405405},"point_estimate":0.5311586235132393,"standard_error":0.09561102649991751}}