{"mean":{"confidence_interval":{"confidence_level":0.96,"lower_bound":3366.182237885736,"upper_bound":3614.5436520565318},"point_estimate":3480.836252332085,"standard_error":60.56605366498024},"median":{"confidence_interval":{"confidence_level":0.96,"lower_bound":3267.2365591397847,"upper_bound":3286.6233766233768},"point_estimate":3278.380149812734,"standard_error":4.475839854618807},"median_abs_dev":{"confidence_interval":{"confidence_level":0.96,"lower_bound":63.74368563343473,"upper_bound":87.27164906700402},"point_estimate":74.84228160909072,"standard_error":5.5917485470479775},"slope":{"confidence_interval":{"confidence_level":0.96,"lower_bound":3278.6864690111906,"upper_bound":3313.8528023031836},"point_estimate":3295.301990049751,"standard_error":8.52772679220774},"std_dev":{"confidence_interval":{"confidence_level":0.96,"lower_bound":550.8278409664101,"upper_bound":1104.4048933588388},"point_estimate":855.6070360581407,"standard_error":134.35957652035614}}